Algorithm,PCA Components,Test Size,Method,Train Size,Test Samples,Explained Variance,Accuracy,Precision,Recall,F1 Score
Gradient Boosting,5,0.2,PCA,1141771,285443,0.5275047737774142,0.9913783137088665,0.9913658699035317,0.9913783137088665,0.9912944342826919
XGBoost,5,0.2,PCA,1141771,285443,0.5275047737774142,0.9969696226567125,0.9969666125222377,0.9969696226567125,0.9969622328665141
LightGBM,5,0.2,PCA,1141771,285443,0.5275047737774142,0.920054091359746,0.9218647083301325,0.920054091359746,0.9209399398054315
CatBoost,5,0.2,PCA,1141771,285443,0.5275047737774142,0.9966753432384049,0.9966514940962753,0.9966753432384049,0.9966586819546626
AdaBoost,5,0.2,PCA,1141771,285443,0.5275047737774142,0.9088329368735615,0.8849123369971156,0.9088329368735615,0.89448322648614
Gradient Boosting,5,0.4,PCA,856328,570886,0.5301316028713027,5.430155933058439e-05,0.8132429245861099,5.430155933058439e-05,7.356738621205662e-05
XGBoost,5,0.4,PCA,856328,570886,0.5301316028713027,0.9963022389759076,0.996291357169637,0.9963022389759076,0.9962900234917699
LightGBM,5,0.4,PCA,856328,570886,0.5301316028713027,0.9031733130607512,0.8847734632762987,0.9031733130607512,0.8896015321077958
CatBoost,5,0.4,PCA,856328,570886,0.5301316028713027,0.9966157866894616,0.9965893078205382,0.9966157866894616,0.996596157671914
AdaBoost,5,0.4,PCA,856328,570886,0.5301316028713027,0.9131385250295155,0.8918122172060531,0.9131385250295155,0.8971865384952886
Gradient Boosting,5,0.6,PCA,570885,856329,0.5312698262483794,0.9634836610695189,0.9840331919304361,0.9634836610695189,0.9729201223790055
XGBoost,5,0.6,PCA,570885,856329,0.5312698262483794,0.9970210047773694,0.9970129768641421,0.9970210047773694,0.9970111270734867
LightGBM,5,0.6,PCA,570885,856329,0.5312698262483794,0.773077870771631,0.7113030759855525,0.773077870771631,0.7375820563042912
CatBoost,5,0.6,PCA,570885,856329,0.5312698262483794,0.9964511303482657,0.9964252833095234,0.9964511303482657,0.9964310395161867
AdaBoost,5,0.6,PCA,570885,856329,0.5312698262483794,0.9105670834457317,0.8869281928336387,0.9105670834457317,0.8949473424185135
Gradient Boosting,10,0.2,PCA,1141771,285443,0.6997947694659954,0.9896616837687384,0.9895204182918985,0.9896616837687384,0.9894687133326832
XGBoost,10,0.2,PCA,1141771,285443,0.6997947694659954,0.9981152103922675,0.9981164547220407,0.9981152103922675,0.9981103114558384
LightGBM,10,0.2,PCA,1141771,285443,0.6997947694659954,0.931797241480786,0.9444647315474158,0.931797241480786,0.9375712655813787
CatBoost,10,0.2,PCA,1141771,285443,0.6997947694659954,0.9978384476060019,0.9978197009025094,0.9978384476060019,0.9978278867363071
AdaBoost,10,0.2,PCA,1141771,285443,0.6997947694659954,0.9143436693140137,0.8981210544636888,0.9143436693140137,0.90143903814024
Gradient Boosting,10,0.4,PCA,856328,570886,0.7022632889929805,0.9924731032114993,0.9924533838581127,0.9924731032114993,0.992414063642582
XGBoost,10,0.4,PCA,856328,570886,0.7022632889929805,0.9977543677721997,0.9977537250443526,0.9977543677721997,0.9977523317981342
LightGBM,10,0.4,PCA,856328,570886,0.7022632889929805,0.9380086392029232,0.9404916440949815,0.9380086392029232,0.938086164968451
CatBoost,10,0.4,PCA,856328,570886,0.7022632889929805,0.9975774497885742,0.9975714899181174,0.9975774497885742,0.9975708829952814
AdaBoost,10,0.4,PCA,856328,570886,0.7022632889929805,0.9142998777339083,0.8955382741819502,0.9142998777339083,0.900989962254335
Gradient Boosting,10,0.6,PCA,570885,856329,0.7036139448443938,0.9858278769024522,0.9866161591710703,0.9858278769024522,0.9861287519888926
XGBoost,10,0.6,PCA,570885,856329,0.7036139448443938,0.997691307896848,0.997686154229141,0.997691307896848,0.9976841482668786
LightGBM,10,0.6,PCA,570885,856329,0.7036139448443938,0.9443683444096836,0.9456319129589251,0.9443683444096836,0.9449611293647028
CatBoost,10,0.6,PCA,570885,856329,0.7036139448443938,0.9974939538425068,0.9974856936414391,0.9974939538425068,0.9974856908315949
AdaBoost,10,0.6,PCA,570885,856329,0.7036139448443938,0.9148574905205826,0.8972953429106497,0.9148574905205826,0.8990827809059957
Gradient Boosting,15,0.2,PCA,1141771,285443,0.8192317448004849,0.9928392008211797,0.9929000313365697,0.9928392008211797,0.9928304822563199
XGBoost,15,0.2,PCA,1141771,285443,0.8192317448004849,0.9983113966711392,0.9983086189724645,0.9983113966711392,0.9983094321589975
LightGBM,15,0.2,PCA,1141771,285443,0.8192317448004849,0.9645288201146989,0.9636209785679913,0.9645288201146989,0.9639196976548899
CatBoost,15,0.2,PCA,1141771,285443,0.8192317448004849,0.9980346338848737,0.9980332482910063,0.9980346338848737,0.9980248474250363
AdaBoost,15,0.2,PCA,1141771,285443,0.8192317448004849,0.9032171046408565,0.8797059208409038,0.9032171046408565,0.8870249738519186
Gradient Boosting,15,0.4,PCA,856328,570886,0.8205696227470104,0.994911418391763,0.9949035308058636,0.994911418391763,0.9948963978253457
XGBoost,15,0.4,PCA,856328,570886,0.8205696227470104,0.9982395784797665,0.9982390744196356,0.9982395784797665,0.9982370763390503
LightGBM,15,0.4,PCA,856328,570886,0.8205696227470104,0.9304834940776268,0.9276893111475722,0.9304834940776268,0.9288937169321043
CatBoost,15,0.4,PCA,856328,570886,0.8205696227470104,0.9981134587290632,0.9981073660417347,0.9981134587290632,0.9981069493765113
AdaBoost,15,0.4,PCA,856328,570886,0.8205696227470104,0.9140441349060934,0.9036345234706961,0.9140441349060934,0.9000578827377063
Gradient Boosting,15,0.6,PCA,570885,856329,0.8219039601796923,0.9938154611136607,0.9937954221892411,0.9938154611136607,0.9937856956652545
XGBoost,15,0.6,PCA,570885,856329,0.8219039601796923,0.9980766738017748,0.9980670066341236,0.9980766738017748,0.998070088475394
LightGBM,15,0.6,PCA,570885,856329,0.8219039601796923,0.482027351637046,0.8553191537346041,0.482027351637046,0.5249508752396667
CatBoost,15,0.6,PCA,570885,856329,0.8219039601796923,0.9980171172528316,0.998004215357978,0.9980171172528316,0.9980050597525316
AdaBoost,15,0.6,PCA,570885,856329,0.8219039601796923,0.905128753084387,0.8842524627963133,0.905128753084387,0.8910643384603861
